Genome,charge
OL622036|MERS_CoV|Saudi_Arabia|03-Apr-2019|Homo_sapiens,-17.25
OL622035|MERS_CoV|Saudi_Arabia|03-Jan-2017|Homo_sapiens,-17.25
MW545528|MERS_CoV|United_Arab_Emirates|2015|Camel,-16.18
MW545527|MERS_CoV|United_Arab_Emirates|2015|Camel,-16.18
MT226607|MERS_CoV|Saudi_Arabia|01-Feb-2017|Camel,-18.25
MT226606|MERS_CoV|Saudi_Arabia|01-Feb-2017|Camel,-18.25
MT226605|MERS_CoV|Saudi_Arabia|01-Feb-2017|Camel,-18.25
MT226604|MERS_CoV|Saudi_Arabia|01-Feb-2017|Camel,-18.25
MT226603|MERS_CoV|Saudi_Arabia|01-Feb-2017|Camel,-19.27
MT226602|MERS_CoV|Saudi_Arabia|01-Feb-2017|Camel,-19.27
MT226601|MERS_CoV|Saudi_Arabia|01-Feb-2017|Camel,-18.25
MT226600|MERS_CoV|Saudi_Arabia|01-Feb-2017|Camel,-18.25
MT361640|MERS_CoV|None|None|None,-16.25
MN758614|MERS_CoV|Saudi_Arabia|2017|Camel,-17.25
MN758613|MERS_CoV|Saudi_Arabia|2017|Camel,-17.25
MN758612|MERS_CoV|Saudi_Arabia|2017|Camel,-17.25
MN758611|MERS_CoV|Saudi_Arabia|2017|Camel,-17.25
MN758610|MERS_CoV|Saudi_Arabia|2017|Camel,-17.25
MN758609|MERS_CoV|Saudi_Arabia|2017|Camel,-16.25
MN758608|MERS_CoV|Saudi_Arabia|2017|Camel,-18.25
MN758607|MERS_CoV|Saudi_Arabia|2017|Camel,-18.25
MN758606|MERS_CoV|Saudi_Arabia|2017|Camel,-17.25
MN655017|MERS_CoV|Saudi_Arabia|Mar-2016|Camel,-17.25
MN655016|MERS_CoV|Saudi_Arabia|Nov-2015|Camel,-17.25
MN655015|MERS_CoV|Saudi_Arabia|None|Camel,-17.21
MN655014|MERS_CoV|Saudi_Arabia|None|Camel,-17.21
MN655013|MERS_CoV|Saudi_Arabia|None|Camel,-17.25
MN655012|MERS_CoV|Saudi_Arabia|May-2017|Camel,-17.21
MN655011|MERS_CoV|Saudi_Arabia|Jun-2016|Camel,-17.25
MN655010|MERS_CoV|Saudi_Arabia|May-2017|Camel,-17.25
MN655009|MERS_CoV|Saudi_Arabia|Dec-2017|Camel,-17.25
MN655008|MERS_CoV|Saudi_Arabia|May-2017|Camel,-17.25
MN655007|MERS_CoV|Saudi_Arabia|None|Camel,-17.25
MN655006|MERS_CoV|Saudi_Arabia|07-Mar-2018|Camel,-17.25
MN655005|MERS_CoV|Saudi_Arabia|Dec-2017|Camel,-17.25
MN655004|MERS_CoV|Saudi_Arabia|None|Camel,-17.25
MN655003|MERS_CoV|Saudi_Arabia|May-2017|Camel,-17.25
MN655002|MERS_CoV|Saudi_Arabia|May-2017|Camel,-17.25
MN655001|MERS_CoV|Saudi_Arabia|02-Apr-2018|Camel,-17.25
MN655000|MERS_CoV|Saudi_Arabia|Feb-2017|Camel,-17.25
MN654999|MERS_CoV|Saudi_Arabia|Dec-2017|Camel,-17.25
MN654998|MERS_CoV|Saudi_Arabia|May-2017|Camel,-17.25
MN654997|MERS_CoV|Saudi_Arabia|None|Camel,-17.25
MN654996|MERS_CoV|Saudi_Arabia|Apr-2016|Camel,-17.25
MN654995|MERS_CoV|Saudi_Arabia|07-Mar-2018|Camel,-17.25
MN654994|MERS_CoV|Saudi_Arabia|Apr-2017|Camel,-17.25
MN654993|MERS_CoV|Saudi_Arabia|None|Camel,-17.21
MN654992|MERS_CoV|Saudi_Arabia|Jul-2016|Camel,-17.25
MN654991|MERS_CoV|Saudi_Arabia|Nov-2015|Camel,-17.25
MN654990|MERS_CoV|Saudi_Arabia|None|Camel,-17.25
MN654989|MERS_CoV|Saudi_Arabia|Jan-2017|Camel,-17.25
MN654988|MERS_CoV|Saudi_Arabia|None|Camel,-17.21
MN654987|MERS_CoV|Saudi_Arabia|May-2017|Camel,-17.21
MN654986|MERS_CoV|Saudi_Arabia|May-2017|Camel,-17.25
MN654985|MERS_CoV|Saudi_Arabia|None|Camel,-17.25
MN654984|MERS_CoV|Saudi_Arabia|None|Camel,-17.25
MN654983|MERS_CoV|Saudi_Arabia|Dec-2017|Camel,-17.25
MN654982|MERS_CoV|Saudi_Arabia|Jan-2017|Camel,-17.25
MN654981|MERS_CoV|Saudi_Arabia|None|Camel,-17.25
MN654980|MERS_CoV|Saudi_Arabia|Mar-2016|Camel,-17.25
MN654979|MERS_CoV|Saudi_Arabia|May-2017|Camel,-17.21
MN654978|MERS_CoV|Saudi_Arabia|Jun-2016|Camel,-17.25
MN654977|MERS_CoV|Saudi_Arabia|May-2017|Camel,-17.21
MN654976|MERS_CoV|Saudi_Arabia|None|Camel,-17.25
MN654975|MERS_CoV|Saudi_Arabia|Jul-2016|Camel,-16.21
MN654974|MERS_CoV|Saudi_Arabia|May-2017|Camel,-17.25
MN654973|MERS_CoV|Saudi_Arabia|Nov-2015|Camel,-17.25
MN654972|MERS_CoV|Saudi_Arabia|Jun-2016|Camel,-17.25
MN654971|MERS_CoV|Saudi_Arabia|Dec-2015|Camel,-17.25
MN654970|MERS_CoV|Saudi_Arabia|Jul-2016|Camel,-16.21
NC_038294|BetaCoV_England_1|United_Kingdom|11-Sep-2012|Homo_sapiens,-18.21
MW086539|MERS_CoV|Jordan|May-2016|Camel,-16.25
MW086538|MERS_CoV|Jordan|May-2016|Camel,-17.25
MW086535|MERS_CoV|Jordan|May-2016|Camel,-17.25
MW086534|MERS_CoV|Jordan|May-2016|Camel,-17.25
MW086533|MERS_CoV|Jordan|May-2016|Camel,-17.25
MW086532|MERS_CoV|Jordan|May-2016|Camel,-17.25
MW086530|MERS_CoV|Jordan|May-2016|Camel,-17.25
MW086529|MERS_CoV|Jordan|May-2016|Camel,-17.25
MW086528|MERS_CoV|Jordan|May-2016|Camel,-17.25
MW086527|MERS_CoV|Jordan|May-2016|Camel,-17.25
KU740200|MERS_CoV|Egypt|17-Dec-2014|Camel,-18.29
NC_019843|MERS_CoV|None|13-Jun-2012|Homo_sapiens,-18.25
MT675269|MERS_CoV|Saudi_Arabia|02-Mar-2015|Homo_sapiens,-17.25
MT675268|MERS_CoV|Saudi_Arabia|02-Mar-2015|Homo_sapiens,-17.25
MT675266|MERS_CoV|Saudi_Arabia|09-Mar-2015|Homo_sapiens,-17.25
MT675265|MERS_CoV|Saudi_Arabia|08-Mar-2015|Homo_sapiens,-17.25
MT675264|MERS_CoV|Saudi_Arabia|08-Mar-2015|Homo_sapiens,-17.25
MT675263|MERS_CoV|Saudi_Arabia|04-Mar-2015|Homo_sapiens,-17.25
MT675262|MERS_CoV|Saudi_Arabia|04-Mar-2015|Homo_sapiens,-17.25
MT675261|MERS_CoV|Saudi_Arabia|03-Mar-2015|Homo_sapiens,-17.25
MT675260|MERS_CoV|Saudi_Arabia|03-Mar-2015|Homo_sapiens,-17.25
MT675259|MERS_CoV|Saudi_Arabia|28-Feb-2015|Homo_sapiens,-17.25
MT675257|MERS_CoV|Saudi_Arabia|27-Feb-2015|Homo_sapiens,-17.25
MT675256|MERS_CoV|Saudi_Arabia|25-Feb-2015|Homo_sapiens,-17.25
MT675255|MERS_CoV|Saudi_Arabia|23-Feb-2015|Homo_sapiens,-17.25
MT675253|MERS_CoV|Saudi_Arabia|18-Feb-2015|Homo_sapiens,-17.25
MT576585|MERS_CoV|None|None|None,-18.25
MN481986|MERS_CoV|Saudi_Arabia|Nov-2015|Homo_sapiens,-17.25
MN481985|MERS_CoV|Saudi_Arabia|Nov-2015|Homo_sapiens,-17.25
MN481984|MERS_CoV|Saudi_Arabia|Nov-2015|Homo_sapiens,-17.25
MN481983|MERS_CoV|Saudi_Arabia|Nov-2015|Homo_sapiens,-17.25
MN481982|MERS_CoV|Saudi_Arabia|Nov-2015|Homo_sapiens,-17.25
MN481981|MERS_CoV|Saudi_Arabia|Sep-2015|Homo_sapiens,-17.25
MN481980|MERS_CoV|Saudi_Arabia|Sep-2015|Homo_sapiens,-17.25
MN481979|MERS_CoV|Saudi_Arabia|Sep-2015|Homo_sapiens,-17.25
MN481978|MERS_CoV|Saudi_Arabia|Apr-2014|Homo_sapiens,-16.25
MN481977|MERS_CoV|Saudi_Arabia|Apr-2014|Homo_sapiens,-16.25
MN481976|MERS_CoV|Saudi_Arabia|Apr-2014|Homo_sapiens,-17.25
MN481975|MERS_CoV|Saudi_Arabia|Apr-2014|Homo_sapiens,-16.25
MN481973|MERS_CoV|Saudi_Arabia|Apr-2014|Homo_sapiens,-16.25
MN481971|MERS_CoV|Saudi_Arabia|Apr-2014|Homo_sapiens,-16.25
MN481970|MERS_CoV|Saudi_Arabia|Apr-2014|Homo_sapiens,-16.25
MN481969|MERS_CoV|Saudi_Arabia|Jun-2014|Homo_sapiens,-17.25
MN481968|MERS_CoV|Saudi_Arabia|May-2014|Homo_sapiens,-17.25
MN481967|MERS_CoV|Saudi_Arabia|May-2014|Homo_sapiens,-17.25
MN481966|MERS_CoV|Saudi_Arabia|Apr-2014|Homo_sapiens,-17.25
MN481965|MERS_CoV|Saudi_Arabia|Apr-2014|Homo_sapiens,-17.25
MN481964|MERS_CoV|Saudi_Arabia|Apr-2014|Homo_sapiens,-17.25
MN723544|MERS_CoV|Saudi_Arabia|30-Aug-2018|Homo_sapiens,-16.25
MN723543|MERS_CoV|Saudi_Arabia|17-Aug-2017|Homo_sapiens,-18.25
MN723542|MERS_CoV|Saudi_Arabia|01-Aug-2017|Homo_sapiens,-18.25
MN507638|MERS_CoV|Qatar|None|Lama_glama,-17.25
MK280984|MERS_CoV|Qatar|21-May-2015|Homo_sapiens,-17.25
MN365233|MERS_CoV|Saudi_Arabia|15-Feb-2019|Homo_sapiens,-16.25
MN365232|MERS_CoV|Saudi_Arabia|28-Jan-2019|Homo_sapiens,-16.25
MN120514|MERS_CoV|Saudi_Arabia|28-Mar-2019|Homo_sapiens,-17.25
MN120513|MERS_CoV|Saudi_Arabia|27-Mar-2019|Homo_sapiens,-17.25
KJ477103|MERS_CoV|Egypt|2013|Camel,-17.29
MK564475|MERS_CoV|Ethiopia|24-Aug-2017|Camel,-19.29
MK564474|MERS_CoV|Ethiopia|24-Aug-2017|Camel,-19.29
MH259486|MERS_CoV|Saudi_Arabia|15-Jul-2014|Camel,-17.25
MH259485|MERS_CoV|Saudi_Arabia|15-Jul-2014|Camel,-17.25
MH029552|MERS_CoV|Saudi_Arabia|26-Aug-2015|Homo_sapiens,-17.25
MK483839|MERS_CoV|Saudi_Arabia|16-Aug-2018|Homo_sapiens,-18.29
MK462256|MERS_CoV|Saudi_Arabia|15-Sep-2018|Homo_sapiens,-17.25
MK462255|MERS_CoV|Saudi_Arabia|15-Sep-2018|Homo_sapiens,-17.25
MK462254|MERS_CoV|Saudi_Arabia|31-Aug-2018|Homo_sapiens,-17.25
MK462253|MERS_CoV|Saudi_Arabia|30-Aug-2018|Homo_sapiens,-17.25
MK462252|MERS_CoV|Saudi_Arabia|03-Aug-2018|Homo_sapiens,-18.29
MK462251|MERS_CoV|Saudi_Arabia|18-Jul-2018|Homo_sapiens,-16.21
MK462250|MERS_CoV|Saudi_Arabia|12-Jul-2018|Homo_sapiens,-17.25
MK462249|MERS_CoV|Saudi_Arabia|09-Jul-2018|Homo_sapiens,-17.25
MK462248|MERS_CoV|Saudi_Arabia|13-Jun-2018|Homo_sapiens,-17.25
MK462247|MERS_CoV|Saudi_Arabia|08-Jun-2018|Homo_sapiens,-19.25
MK462246|MERS_CoV|Saudi_Arabia|17-Aug-2017|Homo_sapiens,-16.25
MK462245|MERS_CoV|Saudi_Arabia|15-Aug-2017|Homo_sapiens,-18.25
MK462244|MERS_CoV|Saudi_Arabia|07-Aug-2017|Homo_sapiens,-18.25
MK462243|MERS_CoV|Saudi_Arabia|01-Aug-2017|Homo_sapiens,-18.25
MK129253|MERS_CoV|South_Korea|20-Oct-2018|Homo_sapiens,-17.25
MG757605|MERS_CoV|Saudi_Arabia|14-Apr-2016|Homo_sapiens,-17.21
MG757604|MERS_CoV|Saudi_Arabia|31-Jan-2016|Homo_sapiens,-18.25
MG757603|MERS_CoV|Saudi_Arabia|18-Sep-2015|Homo_sapiens,-17.25
MG757602|MERS_CoV|Saudi_Arabia|01-Sep-2015|Homo_sapiens,-17.25
MG757601|MERS_CoV|Saudi_Arabia|01-Sep-2015|Homo_sapiens,-17.25
MG757600|MERS_CoV|Saudi_Arabia|01-Sep-2015|Homo_sapiens,-17.25
MG757599|MERS_CoV|Saudi_Arabia|26-Aug-2015|Homo_sapiens,-17.25
MG757598|MERS_CoV|Saudi_Arabia|26-Aug-2015|Homo_sapiens,-17.25
MG757597|MERS_CoV|Saudi_Arabia|24-Aug-2015|Homo_sapiens,-17.21
MG757596|MERS_CoV|Saudi_Arabia|24-Aug-2015|Homo_sapiens,-17.25
MG757595|MERS_CoV|Saudi_Arabia|24-Aug-2015|Homo_sapiens,-17.25
MG757594|MERS_CoV|Saudi_Arabia|24-Aug-2015|Homo_sapiens,-17.25
MG757593|MERS_CoV|Saudi_Arabia|22-Aug-2015|Homo_sapiens,-17.25
MK357909|MERS_CoV|Kenya|21-Apr-2017|Camel,-19.29
MK357908|MERS_CoV|Kenya|21-Apr-2017|Camel,-19.29
MH734115|MERS_CoV|Kenya|13-Mar-2018|Camel,-19.29
MH734114|MERS_CoV|Kenya|13-Mar-2018|Camel,-19.29
MK039553|MERS_CoV|Jordan|23-May-2014|Homo_sapiens,-16.25
MK039552|MERS_CoV|Jordan|21-Apr-2014|Homo_sapiens,-16.25
MK052676|MERS_CoV|Jordan|23-May-2014|Homo_sapiens,-16.25
MG520076|MERS_CoV|Saudi_Arabia|15-Oct-2015|Homo_sapiens,-16.25
MG520075|MERS_CoV|Saudi_Arabia|13-Oct-2015|Homo_sapiens,-16.25
MG546331|MERS_CoV|Saudi_Arabia|15-Oct-2015|Homo_sapiens;_cell_line_Vero_p2,-16.25
MG546330|MERS_CoV|Saudi_Arabia|13-Oct-2015|Homo_sapiens;_cell_line_Vero_p2,-16.25
MH822886|MERS_CoV|United_Kingdom|22-Aug-2018|Homo_sapiens,-17.25
MF000460|MERS_CoV|Jordan|30-Aug-2015|Homo_sapiens,-17.25
MF000459|MERS_CoV|Jordan|07-Sep-2015|Homo_sapiens,-17.25
MF000458|MERS_CoV|Jordan|19-Sep-2015|Homo_sapiens,-17.25
MF000457|MERS_CoV|Jordan|25-Aug-2015|Homo_sapiens,-17.25
MH310912|MERS_CoV|Saudi_Arabia|15-May-2017|Homo_sapiens,-18.25
MH310911|MERS_CoV|Saudi_Arabia|06-Jun-2017|Homo_sapiens,-17.25
MH310910|MERS_CoV|Saudi_Arabia|03-Jun-2017|Homo_sapiens,-17.25
MH310909|MERS_CoV|Saudi_Arabia|05-May-2017|Homo_sapiens,-17.25
MG912608|MERS_CoV|Saudi_Arabia|14-Jun-2017|Homo_sapiens,-17.25
MG912607|MERS_CoV|Saudi_Arabia|11-Jun-2017|Homo_sapiens,-17.25
MG912605|MERS_CoV|Saudi_Arabia|17-Jun-2017|Homo_sapiens,-17.25
MG912603|MERS_CoV|Saudi_Arabia|12-Jun-2017|Homo_sapiens,-17.25
MG912602|MERS_CoV|Saudi_Arabia|12-Jun-2017|Homo_sapiens,-17.25
MG912601|MERS_CoV|Saudi_Arabia|10-Jun-2017|Homo_sapiens,-17.25
MG912600|MERS_CoV|Saudi_Arabia|08-Jun-2017|Homo_sapiens,-17.25
MG912599|MERS_CoV|Saudi_Arabia|07-Jun-2017|Homo_sapiens,-17.25
MG912598|MERS_CoV|Saudi_Arabia|03-Jun-2017|Homo_sapiens,-17.25
MG912596|MERS_CoV|Saudi_Arabia|02-Jun-2017|Homo_sapiens,-17.25
MG912595|MERS_CoV|Saudi_Arabia|31-May-2017|Homo_sapiens,-17.25
MF741836|MERS_CoV|Jordan|22-Sep-2015|Homo_sapiens,-17.25
MF741835|MERS_CoV|Jordan|17-Sep-2015|Homo_sapiens,-17.25
MF741834|MERS_CoV|Jordan|19-Sep-2015|Homo_sapiens,-17.25
MF741833|MERS_CoV|Jordan|17-Sep-2015|Homo_sapiens,-17.25
MF741832|MERS_CoV|Jordan|09-Sep-2015|Homo_sapiens,-18.25
MF741831|MERS_CoV|Jordan|03-Sep-2015|Homo_sapiens,-17.25
MF741830|MERS_CoV|Jordan|31-Aug-2015|Homo_sapiens,-17.27
MF741829|MERS_CoV|Jordan|30-Aug-2015|Homo_sapiens,-17.25
MF741828|MERS_CoV|Jordan|27-Aug-2015|Homo_sapiens,-17.25
MF741827|MERS_CoV|Jordan|26-Aug-2015|Homo_sapiens,-18.25
MF741826|MERS_CoV|Jordan|25-Aug-2015|Homo_sapiens,-17.25
MF741825|MERS_CoV|Jordan|25-Aug-2015|Homo_sapiens,-17.25
MF741837|MERS_CoV|Jordan|07-Sep-2015|Homo_sapiens,-17.25
MG366483|MERS_CoV|Saudi_Arabia|02-Jun-2017|Homo_sapiens,-17.25
MH432120|MERS_CoV|Saudi_Arabia|28-Feb-2017|Homo_sapiens,-17.25
MH395139|MERS_CoV|Saudi_Arabia|04-Dec-2016|Homo_sapiens,-17.25
MH371127|MERS_CoV|Saudi_Arabia|25-Nov-2016|None,-17.25
MH454272|MERS_CoV|Saudi_Arabia|06-Dec-2016|Homo_sapiens,-17.25
MH306207|MERS_CoV|Saudi_Arabia|01-Aug-2016|Homo_sapiens,-17.25
MH013216|MERS_CoV|Saudi_Arabia|15-Oct-2015|Homo_sapiens,-17.23
MG923481|MERS_CoV|Nigeria|16-Feb-2016|Camel,-18.33
MG923480|MERS_CoV|Nigeria|07-Feb-2016|Camel,-18.33
MG923479|MERS_CoV|Nigeria|05-Feb-2016|Camel,-18.33
MG923478|MERS_CoV|Nigeria|03-Feb-2016|Camel,-18.33
MG923477|MERS_CoV|Nigeria|17-Feb-2016|Camel,-18.33
MG923476|MERS_CoV|Nigeria|15-Feb-2016|Camel,-18.33
MG923475|MERS_CoV|Nigeria|03-Feb-2016|Camel,-18.33
MG923474|MERS_CoV|Nigeria|24-Jan-2016|Camel,-16.33
MG923473|MERS_CoV|Burkina_Faso|16-Mar-2015|Camel,-19.29
MG923472|MERS_CoV|Nigeria|13-Jan-2015|Camel,-18.26
MG923471|MERS_CoV|Burkina_Faso|18-Mar-2015|Camel,-18.29
MG923470|MERS_CoV|Burkina_Faso|23-Feb-2015|Camel,-18.29
MG923469|MERS_CoV|Morocco|03-Mar-2015|Camel,-19.25
MG923468|MERS_CoV|Ethiopia|15-Mar-2017|Camel,-19.32
MG923467|MERS_CoV|Ethiopia|15-Mar-2017|Camel,-18.29
MG923466|MERS_CoV|Ethiopia|15-Mar-2017|Camel,-18.29
KY688124|MERS_CoV|Saudi_Arabia|20-May-2015|Homo_sapiens,-17.25
KY688123|MERS_CoV|Saudi_Arabia|13-May-2015|Homo_sapiens,-17.25
KY688122|MERS_CoV|Saudi_Arabia|27-May-2015|Homo_sapiens,-17.25
KY688121|MERS_CoV|Saudi_Arabia|22-May-2015|Homo_sapiens,-17.25
KY688120|MERS_CoV|Saudi_Arabia|10-May-2015|Homo_sapiens,-17.25
KY688119|MERS_CoV|Saudi_Arabia|01-May-2015|Homo_sapiens,-18.25
KY688118|MERS_CoV|Saudi_Arabia|07-Feb-2015|Homo_sapiens,-17.25
KY673149|MERS_CoV|Oman|Jan-2015|Camel,-17.25
KY673148|MERS_CoV|Oman|06-Jan-2015|Homo_sapiens,-17.25
KY581700|MERS_CoV|United_Arab_Emirates|18-Feb-2014|Camel,-17.25
KY581699|MERS_CoV|United_Arab_Emirates|01-Jun-2014|Camel,-17.21
KY581698|MERS_CoV|United_Arab_Emirates|01-Jun-2014|Camel,-17.21
KY581697|MERS_CoV|United_Arab_Emirates|18-Feb-2014|Camel,-17.25
KY581696|MERS_CoV|United_Arab_Emirates|12-Mar-2014|Camel,-17.25
KY581695|MERS_CoV|United_Arab_Emirates|01-Jun-2014|Camel,-17.21
KY581694|MERS_CoV|United_Arab_Emirates|2014|Homo_sapiens,-17.21
KY581693|MERS_CoV|United_Arab_Emirates|20-Apr-2014|Homo_sapiens,-16.25
KY581692|MERS_CoV|United_Arab_Emirates|15-Apr-2014|Homo_sapiens,-17.25
KY581691|MERS_CoV|United_Arab_Emirates|14-Apr-2014|Homo_sapiens,-17.25
KY581690|MERS_CoV|United_Arab_Emirates|12-Apr-2014|Homo_sapiens,-17.25
KY581689|MERS_CoV|United_Arab_Emirates|10-Apr-2014|Homo_sapiens,-17.25
KY581688|MERS_CoV|United_Arab_Emirates|10-Apr-2014|Homo_sapiens,-17.25
KY581687|MERS_CoV|United_Arab_Emirates|23-Dec-2013|Homo_sapiens,-17.25
KY581686|MERS_CoV|United_Arab_Emirates|10-Apr-2014|Homo_sapiens,-17.25
KY581685|MERS_CoV|United_Arab_Emirates|12-Jul-2013|Homo_sapiens,-17.25
KY581684|MERS_CoV|United_Arab_Emirates|10-Jul-2013|Homo_sapiens,-17.25
MG366883|MERS_CoV|Saudi_Arabia|15-Jun-2015|Homo_sapiens,-17.25
MG366882|MERS_CoV|Saudi_Arabia|07-Jun-2015|Homo_sapiens,-17.25
MG366881|MERS_CoV|Saudi_Arabia|07-Jun-2015|Homo_sapiens,-17.25
MG366880|MERS_CoV|Saudi_Arabia|02-Jun-2015|Homo_sapiens,-17.25
MF598722|MERS_CoV|United_Arab_Emirates|Apr-2015|Camel,-17.25
MF598721|MERS_CoV|United_Arab_Emirates|Apr-2015|Camel,-17.25
MF598720|MERS_CoV|United_Arab_Emirates|Apr-2015|Camel,-17.25
MF598719|MERS_CoV|United_Arab_Emirates|Apr-2015|Camel,-17.25
MF598717|MERS_CoV|United_Arab_Emirates|Apr-2015|Camel,-17.25
MF598716|MERS_CoV|United_Arab_Emirates|Apr-2015|Camel,-17.25
MF598715|MERS_CoV|United_Arab_Emirates|Apr-2015|Camel,-17.25
MF598714|MERS_CoV|United_Arab_Emirates|Apr-2015|Camel,-17.25
MF598713|MERS_CoV|United_Arab_Emirates|Apr-2015|Camel,-17.25
MF598712|MERS_CoV|United_Arab_Emirates|Apr-2015|Camel,-17.25
MF598711|MERS_CoV|United_Arab_Emirates|Apr-2015|Camel,-17.25
MF598710|MERS_CoV|United_Arab_Emirates|Apr-2015|Camel,-17.25
MF598709|MERS_CoV|United_Arab_Emirates|Apr-2015|Camel,-17.25
MF598708|MERS_CoV|United_Arab_Emirates|Apr-2015|Camel,-17.25
MF598707|MERS_CoV|United_Arab_Emirates|Apr-2015|Camel,-17.25
MF598706|MERS_CoV|United_Arab_Emirates|Apr-2015|Camel,-17.25
MF598705|MERS_CoV|United_Arab_Emirates|Apr-2015|Camel,-17.25
MF598704|MERS_CoV|United_Arab_Emirates|Apr-2015|Camel,-17.25
MF598703|MERS_CoV|United_Arab_Emirates|Apr-2015|Camel,-17.25
MF598702|MERS_CoV|United_Arab_Emirates|Apr-2015|Camel,-17.25
MF598701|MERS_CoV|United_Arab_Emirates|Apr-2015|Camel,-17.25
MF598700|MERS_CoV|United_Arab_Emirates|Apr-2015|Camel,-17.25
MF598699|MERS_CoV|United_Arab_Emirates|Apr-2015|Camel,-17.25
MF598698|MERS_CoV|United_Arab_Emirates|Mar-2015|Camel,-17.25
MF598697|MERS_CoV|United_Arab_Emirates|Mar-2015|Camel,-17.25
MF598696|MERS_CoV|United_Arab_Emirates|Mar-2015|Camel,-17.25
MF598695|MERS_CoV|United_Arab_Emirates|Mar-2015|Camel,-17.25
MF598694|MERS_CoV|United_Arab_Emirates|Mar-2015|Camel,-17.25
MF598693|MERS_CoV|United_Arab_Emirates|Mar-2015|Camel,-17.25
MF598692|MERS_CoV|United_Arab_Emirates|Mar-2015|Camel,-17.25
MF598691|MERS_CoV|United_Arab_Emirates|Mar-2015|Camel,-17.25
MF598690|MERS_CoV|United_Arab_Emirates|Mar-2015|Camel,-17.25
MF598689|MERS_CoV|United_Arab_Emirates|Mar-2015|Camel,-17.25
MF598688|MERS_CoV|United_Arab_Emirates|Mar-2015|Camel,-17.25
MF598687|MERS_CoV|United_Arab_Emirates|Mar-2015|Camel,-17.25
MF598686|MERS_CoV|United_Arab_Emirates|Mar-2015|Camel,-17.25
MF598685|MERS_CoV|United_Arab_Emirates|Mar-2015|Camel,-17.25
MF598684|MERS_CoV|United_Arab_Emirates|Mar-2015|Camel,-17.25
MF598683|MERS_CoV|United_Arab_Emirates|Mar-2015|Camel,-17.25
MF598682|MERS_CoV|United_Arab_Emirates|Mar-2015|Camel,-17.25
MF598681|MERS_CoV|United_Arab_Emirates|Mar-2015|Camel,-17.25
MF598680|MERS_CoV|United_Arab_Emirates|Mar-2015|Camel,-17.25
MF598679|MERS_CoV|United_Arab_Emirates|Mar-2015|Camel,-17.25
MF598678|MERS_CoV|United_Arab_Emirates|Mar-2015|Camel,-17.25
MF598677|MERS_CoV|United_Arab_Emirates|Mar-2015|Camel,-17.25
MF598676|MERS_CoV|United_Arab_Emirates|Mar-2015|Camel,-17.25
MF598675|MERS_CoV|United_Arab_Emirates|Mar-2015|Camel,-17.25
MF598674|MERS_CoV|United_Arab_Emirates|Mar-2015|Camel,-17.25
MF598673|MERS_CoV|United_Arab_Emirates|Mar-2015|Camel,-17.25
MF598672|MERS_CoV|United_Arab_Emirates|Mar-2015|Camel,-17.25
MF598671|MERS_CoV|United_Arab_Emirates|Mar-2015|Camel,-17.25
MF598670|MERS_CoV|United_Arab_Emirates|Mar-2015|Camel,-17.25
MF598669|MERS_CoV|United_Arab_Emirates|Mar-2015|Camel,-17.25
MF598668|MERS_CoV|United_Arab_Emirates|Mar-2015|Camel,-17.25
MF598667|MERS_CoV|United_Arab_Emirates|Mar-2015|Camel,-17.25
MF598666|MERS_CoV|United_Arab_Emirates|Mar-2015|Camel,-17.25
MF598665|MERS_CoV|United_Arab_Emirates|Mar-2015|Camel,-17.25
MF598664|MERS_CoV|United_Arab_Emirates|Mar-2015|Camel,-17.25
MF598663|MERS_CoV|United_Arab_Emirates|Mar-2015|Camel,-17.25
MF598662|MERS_CoV|United_Arab_Emirates|Mar-2015|Camel,-17.25
MF598661|MERS_CoV|United_Arab_Emirates|Mar-2015|Camel,-17.25
MF598660|MERS_CoV|United_Arab_Emirates|Mar-2015|Camel,-17.25
MF598659|MERS_CoV|United_Arab_Emirates|Mar-2015|Camel,-17.25
MF598658|MERS_CoV|United_Arab_Emirates|Mar-2015|Camel,-17.25
MF598657|MERS_CoV|United_Arab_Emirates|Mar-2015|Camel,-17.25
MF598656|MERS_CoV|United_Arab_Emirates|Mar-2015|Camel,-17.25
MF598655|MERS_CoV|United_Arab_Emirates|Mar-2015|Camel,-17.25
MF598654|MERS_CoV|United_Arab_Emirates|Mar-2015|Camel,-17.25
MF598653|MERS_CoV|United_Arab_Emirates|Mar-2015|Camel,-17.25
MF598652|MERS_CoV|United_Arab_Emirates|Mar-2015|Camel,-17.25
MF598651|MERS_CoV|United_Arab_Emirates|Mar-2015|Camel,-17.25
MF598650|MERS_CoV|United_Arab_Emirates|Mar-2015|Camel,-17.25
MF598649|MERS_CoV|United_Arab_Emirates|Mar-2015|Camel,-17.25
MF598648|MERS_CoV|United_Arab_Emirates|Mar-2015|Camel,-17.25
MF598647|MERS_CoV|United_Arab_Emirates|Mar-2015|Camel,-17.25
MF598646|MERS_CoV|United_Arab_Emirates|Mar-2015|Camel,-17.25
MF598645|MERS_CoV|United_Arab_Emirates|Mar-2015|Camel,-17.25
MF598644|MERS_CoV|United_Arab_Emirates|Mar-2015|Camel,-17.25
MF598643|MERS_CoV|United_Arab_Emirates|Mar-2015|Camel,-17.25
MF598641|MERS_CoV|United_Arab_Emirates|Mar-2015|Camel,-17.25
MF598640|MERS_CoV|United_Arab_Emirates|Mar-2015|Camel,-17.25
MF598639|MERS_CoV|United_Arab_Emirates|Mar-2015|Camel,-17.25
MF598638|MERS_CoV|United_Arab_Emirates|Mar-2015|Camel,-17.25
MF598637|MERS_CoV|United_Arab_Emirates|Mar-2015|Camel,-17.25
MF598636|MERS_CoV|United_Arab_Emirates|Mar-2015|Camel,-17.25
MF598635|MERS_CoV|United_Arab_Emirates|Mar-2015|Camel,-17.25
MF598634|MERS_CoV|United_Arab_Emirates|Mar-2015|Camel,-17.25
MF598633|MERS_CoV|United_Arab_Emirates|Mar-2015|Camel,-17.25
MF598632|MERS_CoV|United_Arab_Emirates|Mar-2015|Camel,-17.25
MF598630|MERS_CoV|United_Arab_Emirates|Mar-2015|Camel,-17.25
MF598629|MERS_CoV|United_Arab_Emirates|Mar-2015|Camel,-17.25
MF598628|MERS_CoV|United_Arab_Emirates|Mar-2015|Camel,-17.25
MF598627|MERS_CoV|United_Arab_Emirates|Mar-2015|Camel,-17.25
MF598626|MERS_CoV|United_Arab_Emirates|Mar-2015|Camel,-17.25
MF598625|MERS_CoV|United_Arab_Emirates|Mar-2015|Camel,-17.25
MF598624|MERS_CoV|United_Arab_Emirates|Mar-2015|Camel,-17.25
MF598623|MERS_CoV|United_Arab_Emirates|Mar-2015|Camel,-17.21
MF598622|MERS_CoV|United_Arab_Emirates|Mar-2015|Camel,-18.25
MF598621|MERS_CoV|United_Arab_Emirates|Mar-2015|Camel,-17.25
MF598620|MERS_CoV|United_Arab_Emirates|Mar-2015|Camel,-17.25
MF598619|MERS_CoV|United_Arab_Emirates|Mar-2015|Camel,-17.25
MF598618|MERS_CoV|United_Arab_Emirates|Mar-2015|Camel,-17.25
MF598617|MERS_CoV|United_Arab_Emirates|Mar-2015|Camel,-17.25
MF598616|MERS_CoV|United_Arab_Emirates|Mar-2015|Camel,-17.25
MF598615|MERS_CoV|United_Arab_Emirates|Mar-2015|Camel,-17.25
MF598614|MERS_CoV|United_Arab_Emirates|Mar-2015|Camel,-17.25
MF598613|MERS_CoV|United_Arab_Emirates|Mar-2015|Camel,-17.25
MF598612|MERS_CoV|United_Arab_Emirates|Mar-2015|Camel,-17.25
MF598611|MERS_CoV|United_Arab_Emirates|Mar-2015|Camel,-17.25
MF598610|MERS_CoV|United_Arab_Emirates|Mar-2015|Camel,-17.25
MF598609|MERS_CoV|United_Arab_Emirates|Mar-2015|Camel,-17.25
MF598608|MERS_CoV|United_Arab_Emirates|Mar-2015|Camel,-17.25
MF598607|MERS_CoV|United_Arab_Emirates|Mar-2015|Camel,-17.25
MF598606|MERS_CoV|United_Arab_Emirates|Mar-2015|Camel,-17.25
MF598605|MERS_CoV|United_Arab_Emirates|Mar-2015|Camel,-17.25
MF598604|MERS_CoV|United_Arab_Emirates|Mar-2015|Camel,-17.25
MF598603|MERS_CoV|United_Arab_Emirates|Mar-2015|Camel,-17.25
MF598602|MERS_CoV|United_Arab_Emirates|Mar-2015|Camel,-17.25
MF598601|MERS_CoV|United_Arab_Emirates|Mar-2015|Camel,-17.25
MF598600|MERS_CoV|United_Arab_Emirates|Mar-2015|Camel,-17.25
MF598599|MERS_CoV|United_Arab_Emirates|Mar-2015|Camel,-17.25
MF598598|MERS_CoV|United_Arab_Emirates|Mar-2015|Camel,-17.25
MF598597|MERS_CoV|United_Arab_Emirates|Mar-2015|Camel,-17.25
MF598596|MERS_CoV|United_Arab_Emirates|Mar-2015|Camel,-17.25
MF598595|MERS_CoV|United_Arab_Emirates|Mar-2015|Camel,-17.25
MF598594|MERS_CoV|United_Arab_Emirates|Mar-2015|Camel,-17.25
MG011359|MERS_CoV|Saudi_Arabia|29-Mar-2016|Homo_sapiens,-15.25
MG011358|MERS_CoV|Saudi_Arabia|21-Sep-2016|Homo_sapiens,-17.25
MG011357|MERS_CoV|Saudi_Arabia|21-Sep-2016|Homo_sapiens,-18.21
MG011355|MERS_CoV|Saudi_Arabia|01-Jul-2016|Homo_sapiens,-17.25
MG011354|MERS_CoV|Saudi_Arabia|16-Jun-2016|Homo_sapiens,-17.25
MG011353|MERS_CoV|Saudi_Arabia|01-Jun-2016|Homo_sapiens,-17.25
MG011352|MERS_CoV|Saudi_Arabia|20-Jul-2016|Homo_sapiens,-17.25
MG011351|MERS_CoV|Saudi_Arabia|10-Apr-2016|Homo_sapiens,-17.25
MG011345|MERS_CoV|Saudi_Arabia|18-Mar-2016|Homo_sapiens,-17.25
MG011342|MERS_CoV|Saudi_Arabia|07-Mar-2016|Homo_sapiens,-17.21
MG011362|MERS_CoV|Saudi_Arabia|25-Dec-2016|Homo_sapiens,-17.25
MG011361|MERS_CoV|Saudi_Arabia|10-Jan-2017|Homo_sapiens,-17.25
MG011360|MERS_CoV|Saudi_Arabia|23-Jan-2017|Homo_sapiens,-17.25
MG011356|MERS_CoV|Saudi_Arabia|12-Jul-2016|Homo_sapiens,-16.21
MG011350|MERS_CoV|Saudi_Arabia|04-Apr-2016|Homo_sapiens,-17.25
MG011349|MERS_CoV|Saudi_Arabia|13-Apr-2016|Homo_sapiens,-17.25
MG011348|MERS_CoV|Saudi_Arabia|18-Apr-2016|Homo_sapiens,-17.25
MG011347|MERS_CoV|Saudi_Arabia|13-Mar-2016|Homo_sapiens,-17.25
MG011346|MERS_CoV|Saudi_Arabia|14-Mar-2016|Homo_sapiens,-17.25
MG011344|MERS_CoV|Saudi_Arabia|13-Mar-2016|Homo_sapiens,-17.25
MG011343|MERS_CoV|Saudi_Arabia|12-Mar-2016|Homo_sapiens,-17.25
MG011341|MERS_CoV|Saudi_Arabia|06-Mar-2016|Homo_sapiens,-17.25
MG011340|MERS_CoV|Saudi_Arabia|05-Mar-2016|Homo_sapiens,-17.18
KT225476|MERS_CoV|Thailand|17-Jun-2015|Homo_sapiens,-17.25
KT326819|MERS_CoV|South_Korea|22-May-2015|Homo_sapiens,-17.25
KX154694|MERS_CoV|Saudi_Arabia|29-Feb-2016|Homo_sapiens,-17.25
KX154693|MERS_CoV|Saudi_Arabia|29-Feb-2016|Homo_sapiens,-17.25
KX154692|MERS_CoV|Saudi_Arabia|27-Feb-2016|Homo_sapiens,-18.25
KX154691|MERS_CoV|Saudi_Arabia|25-Feb-2016|Homo_sapiens,-17.25
KX154690|MERS_CoV|Saudi_Arabia|Jan-2016|Homo_sapiens,-17.25
KX154689|MERS_CoV|Saudi_Arabia|Jan-2016|Homo_sapiens,-18.25
KX154688|MERS_CoV|Saudi_Arabia|Feb-2016|Homo_sapiens,-17.25
KX154687|MERS_CoV|Saudi_Arabia|Feb-2016|Homo_sapiens,-17.25
KX154686|MERS_CoV|Saudi_Arabia|Feb-2016|Homo_sapiens,-18.25
KX154685|MERS_CoV|Saudi_Arabia|Feb-2016|Homo_sapiens,-17.25
KX154684|MERS_CoV|Saudi_Arabia|Feb-2016|Homo_sapiens,-17.25
KX108946|MERS_CoV|United_Arab_Emirates|18-May-2015|Camel,-16.18
KX108945|MERS_CoV|United_Arab_Emirates|29-May-2015|Camel,-17.25
KX108944|MERS_CoV|United_Arab_Emirates|12-May-2015|Camel,-17.25
KX108943|MERS_CoV|United_Arab_Emirates|23-Apr-2015|Camel,-18.29
KX108942|MERS_CoV|United_Arab_Emirates|15-Feb-2015|Camel,-17.21
KX108941|MERS_CoV|United_Arab_Emirates|14-Feb-2015|Camel,-17.25
KX108940|MERS_CoV|United_Arab_Emirates|12-Feb-2015|Camel,-17.25
KX108939|MERS_CoV|United_Arab_Emirates|30-Jan-2015|Camel,-17.25
KX108938|MERS_CoV|United_Arab_Emirates|13-Dec-2014|Camel,-17.25
KX108937|MERS_CoV|United_Arab_Emirates|02-Jun-2014|Camel,-16.25
KT861628|MERS_CoV|Jordan|21-Apr-2014|Homo_sapiens,-16.25
KT861627|MERS_CoV|Jordan|22-Jan-2014|Homo_sapiens,-16.25
KT877351|MERS_CoV|Saudi_Arabia|Sep-2014|Camel,-17.25
KT877350|MERS_CoV|Saudi_Arabia|Sep-2014|Camel,-17.25
KT368860|MERS_CoV|Saudi_Arabia|Jan-2015|Camel,-17.23
KU710264|MERS_CoV|Saudi_Arabia|04-Nov-2014|Homo_sapiens,-17.25
KU851864|MERS_CoV|Saudi_Arabia|24-Aug-2015|Homo_sapiens,-17.25
KU851863|MERS_CoV|Saudi_Arabia|27-Aug-2015|Homo_sapiens,-17.25
KU851862|MERS_CoV|Saudi_Arabia|24-Aug-2015|Homo_sapiens,-17.25
KU851861|MERS_CoV|Saudi_Arabia|24-Aug-2015|Homo_sapiens,-17.25
KU851860|MERS_CoV|Saudi_Arabia|24-Aug-2015|Homo_sapiens,-17.25
KU851859|MERS_CoV|Saudi_Arabia|12-Jul-2015|Homo_sapiens,-17.25
KX034100|MERS_CoV|South_Korea|03-Jul-2015|Homo_sapiens,-17.25
KX034099|MERS_CoV|South_Korea|26-Jun-2015|Homo_sapiens,-17.25
KX034098|MERS_CoV|South_Korea|22-Jun-2015|Homo_sapiens,-17.25
KX034097|MERS_CoV|South_Korea|17-Jun-2015|Homo_sapiens,-17.27
KX034096|MERS_CoV|South_Korea|17-Jun-2015|Homo_sapiens,-17.25
KX034095|MERS_CoV|South_Korea|04-Jun-2015|Homo_sapiens,-16.25
KX034094|MERS_CoV|South_Korea|11-Jun-2015|Homo_sapiens,-16.25
KX034093|MERS_CoV|South_Korea|30-May-2015|Homo_sapiens,-17.29
KU233364|MERS_CoV|Jordan|2015|Homo_sapiens,-17.25
KU233363|MERS_CoV|Jordan|2015|Homo_sapiens,-17.25
KU233362|MERS_CoV|Jordan|2015|Homo_sapiens,-17.25
KP209313|MERS_CoV|United_Arab_Emirates|13-Apr-2014|Homo_sapiens,-17.25
KP209312|MERS_CoV|United_Arab_Emirates|15-Nov-2013|Homo_sapiens,-17.25
KP209311|MERS_CoV|United_Arab_Emirates|17-Apr-2014|Homo_sapiens,-17.25
KP209310|MERS_CoV|United_Arab_Emirates|07-Mar-2014|Homo_sapiens,-17.25
KP209309|MERS_CoV|United_Arab_Emirates|19-Apr-2014|Homo_sapiens,-17.25
KP209308|MERS_CoV|United_Arab_Emirates|10-Apr-2014|Homo_sapiens,-17.25
KP209307|MERS_CoV|United_Arab_Emirates|10-Apr-2014|Homo_sapiens,-16.25
KP209306|MERS_CoV|United_Arab_Emirates|07-Apr-2014|Homo_sapiens,-17.25
KU308549|MERS_CoV|South_Korea|08-Jun-2015|Homo_sapiens,-17.25
KT026456|MERS_CoV|Saudi_Arabia|01-Mar-2015|Homo_sapiens,-17.25
KT026455|MERS_CoV|Saudi_Arabia|10-Feb-2015|Homo_sapiens,-17.25
KT026454|MERS_CoV|Saudi_Arabia|01-Mar-2015|Homo_sapiens,-17.25
KT026453|MERS_CoV|Saudi_Arabia|10-Feb-2015|Homo_sapiens,-17.25
KT868876|MERS_CoV|South_Korea|10-Jun-2015|Homo_sapiens,-17.25
KT868875|MERS_CoV|South_Korea|10-Jun-2015|Homo_sapiens,-16.25
KT868874|MERS_CoV|South_Korea|11-Jun-2015|Homo_sapiens,-17.25
KT868873|MERS_CoV|South_Korea|10-Jun-2015|Homo_sapiens,-17.25
KT868872|MERS_CoV|South_Korea|10-Jun-2015|Homo_sapiens,-17.25
KT868870|MERS_CoV|South_Korea|10-Jun-2015|Homo_sapiens,-17.25
KT868869|MERS_CoV|South_Korea|11-Jun-2015|Homo_sapiens,-17.25
KT868868|MERS_CoV|South_Korea|08-Jun-2015|Homo_sapiens,-17.25
KT868867|MERS_CoV|South_Korea|08-Jun-2015|Homo_sapiens,-17.25
KT868866|MERS_CoV|South_Korea|11-Jun-2015|Homo_sapiens,-17.25
KT868865|MERS_CoV|South_Korea|11-Jun-2015|Homo_sapiens,-17.25
KT374057|MERS_CoV|South_Korea|24-Jun-2015|Homo_sapiens,-16.29
KT374056|MERS_CoV|South_Korea|21-Jun-2015|Homo_sapiens,-16.29
KT374055|MERS_CoV|South_Korea|18-Jun-2015|Homo_sapiens,-17.25
KT374054|MERS_CoV|South_Korea|03-Jun-2015|Homo_sapiens,-17.25
KT374053|MERS_CoV|South_Korea|13-Jun-2015|Homo_sapiens,-17.25
KT374052|MERS_CoV|South_Korea|31-May-2015|Homo_sapiens,-17.25
KT374051|MERS_CoV|South_Korea|19-Jun-2015|Homo_sapiens,-16.25
KT374050|MERS_CoV|South_Korea|29-Jun-2015|Homo_sapiens,-16.25
KT806055|MERS_CoV|Saudi_Arabia|10-Feb-2015|Homo_sapiens,-16.25
KT806054|MERS_CoV|Saudi_Arabia|13-Feb-2015|Homo_sapiens,-18.25
KT806053|MERS_CoV|Saudi_Arabia|02-Feb-2015|Homo_sapiens,-17.25
KT806052|MERS_CoV|Saudi_Arabia|02-Feb-2015|Homo_sapiens,-17.25
KT806051|MERS_CoV|Saudi_Arabia|05-Feb-2015|Homo_sapiens,-17.25
KT806050|MERS_CoV|Saudi_Arabia|12-Feb-2015|Homo_sapiens,-17.25
KT806049|MERS_CoV|Saudi_Arabia|15-Feb-2015|Homo_sapiens,-16.25
KT806048|MERS_CoV|Saudi_Arabia|07-Feb-2015|Homo_sapiens,-17.25
KT806047|MERS_CoV|Saudi_Arabia|27-Mar-2015|Homo_sapiens,-17.25
KT806046|MERS_CoV|Saudi_Arabia|10-May-2015|Homo_sapiens,-17.25
KT806045|MERS_CoV|Saudi_Arabia|22-Feb-2015|Homo_sapiens,-17.25
KT806044|MERS_CoV|Saudi_Arabia|09-Feb-2015|Homo_sapiens,-17.25
KU242424|MERS_CoV|United_Arab_Emirates|04-Mar-2014|Camel,-17.25
KU242423|MERS_CoV|United_Arab_Emirates|12-Mar-2014|Camel,-17.25
KT368890|MERS_CoV|Saudi_Arabia|Mar-2015|Camel,-17.25
KT368889|MERS_CoV|Saudi_Arabia|Mar-2015|Camel,-17.25
KT368888|MERS_CoV|Saudi_Arabia|Apr-2015|Camel,-17.25
KT368887|MERS_CoV|Saudi_Arabia|Apr-2015|Camel,-17.25
KT368886|MERS_CoV|Saudi_Arabia|Apr-2015|Camel,-17.25
KT368885|MERS_CoV|Saudi_Arabia|Apr-2015|Camel,-17.25
KT368884|MERS_CoV|Saudi_Arabia|Apr-2015|Camel,-17.25
KT368883|MERS_CoV|Saudi_Arabia|Apr-2015|Camel,-17.25
KT368882|MERS_CoV|Saudi_Arabia|Apr-2015|Camel,-17.25
KT368881|MERS_CoV|Saudi_Arabia|Apr-2015|Camel,-18.25
KT368880|MERS_CoV|Saudi_Arabia|Apr-2015|Camel,-18.25
KT368879|MERS_CoV|Saudi_Arabia|Mar-2015|Camel,-17.25
KT368878|MERS_CoV|Saudi_Arabia|Mar-2015|Camel,-17.25
KT368877|MERS_CoV|Saudi_Arabia|Mar-2015|Camel,-17.25
KT368876|MERS_CoV|Saudi_Arabia|Mar-2015|Camel,-17.25
KT368875|MERS_CoV|Saudi_Arabia|Mar-2015|Camel,-17.25
KT368874|MERS_CoV|Saudi_Arabia|Mar-2015|Camel,-17.25
KT368873|MERS_CoV|Saudi_Arabia|Mar-2015|Camel,-17.25
KT368872|MERS_CoV|Saudi_Arabia|Mar-2015|Camel,-17.25
KT368871|MERS_CoV|Saudi_Arabia|Mar-2015|Camel,-17.25
KT368870|MERS_CoV|Saudi_Arabia|Mar-2015|Camel,-17.25
KT368869|MERS_CoV|Saudi_Arabia|Mar-2015|Camel,-17.25
KT368868|MERS_CoV|Saudi_Arabia|Mar-2015|Camel,-17.25
KT368867|MERS_CoV|Saudi_Arabia|Feb-2015|Camel,-16.25
KT368866|MERS_CoV|Saudi_Arabia|Feb-2015|Camel,-16.25
KT368865|MERS_CoV|Saudi_Arabia|Jan-2015|Camel,-17.23
KT368864|MERS_CoV|Saudi_Arabia|Jan-2015|Camel,-17.23
KT368863|MERS_CoV|Saudi_Arabia|Jan-2015|Camel,-17.23
KT368862|MERS_CoV|Saudi_Arabia|Jan-2015|Camel,-17.23
KT368861|MERS_CoV|Saudi_Arabia|Jan-2015|Camel,-17.23
KT368859|MERS_CoV|Saudi_Arabia|Jan-2015|Camel,-17.23
KT368858|MERS_CoV|Saudi_Arabia|Jan-2015|Camel,-17.23
KT368857|MERS_CoV|Saudi_Arabia|Sep-2014|Camel,-17.25
KT368856|MERS_CoV|Saudi_Arabia|Sep-2014|Camel,-17.25
KT368855|MERS_CoV|Saudi_Arabia|Sep-2014|Camel,-17.25
KT368854|MERS_CoV|Saudi_Arabia|Sep-2014|Camel,-16.25
KT368853|MERS_CoV|Saudi_Arabia|Sep-2014|Camel,-17.25
KT368852|MERS_CoV|Saudi_Arabia|Oct-2014|Camel,-17.21
KT368851|MERS_CoV|Saudi_Arabia|Oct-2014|Camel,-17.25
KT368850|MERS_CoV|Saudi_Arabia|Oct-2014|Camel,-17.25
KT368849|MERS_CoV|Saudi_Arabia|Oct-2014|Camel,-17.25
KT368848|MERS_CoV|Saudi_Arabia|Nov-2014|Camel,-17.23
KT368847|MERS_CoV|Saudi_Arabia|Nov-2014|Camel,-17.23
KT368846|MERS_CoV|Saudi_Arabia|Nov-2014|Camel,-17.23
KT368845|MERS_CoV|Saudi_Arabia|Dec-2014|Camel,-17.25
KT368844|MERS_CoV|Saudi_Arabia|Dec-2014|Camel,-17.25
KT368843|MERS_CoV|Saudi_Arabia|Dec-2014|Camel,-17.25
KT368842|MERS_CoV|Saudi_Arabia|Dec-2014|Camel,-17.23
KT368841|MERS_CoV|Saudi_Arabia|Dec-2014|Camel,-17.23
KT368840|MERS_CoV|Saudi_Arabia|Dec-2014|Camel,-17.23
KT368839|MERS_CoV|Saudi_Arabia|Dec-2014|Camel,-17.23
KT368838|MERS_CoV|Saudi_Arabia|Dec-2014|Camel,-17.23
KT368837|MERS_CoV|Saudi_Arabia|Dec-2014|Camel,-17.23
KT368836|MERS_CoV|Saudi_Arabia|Dec-2014|Camel,-17.23
KT368835|MERS_CoV|Saudi_Arabia|Dec-2014|Camel,-17.23
KT368834|MERS_CoV|Saudi_Arabia|Dec-2014|Camel,-18.25
KT368833|MERS_CoV|Saudi_Arabia|Dec-2014|Camel,-17.25
KT368832|MERS_CoV|Saudi_Arabia|Dec-2014|Camel,-17.25
KT368831|MERS_CoV|Saudi_Arabia|Dec-2014|Camel,-17.25
KT368830|MERS_CoV|Saudi_Arabia|Dec-2014|Camel,-17.25
KT368829|MERS_CoV|Saudi_Arabia|Dec-2014|Camel,-17.25
KT368828|MERS_CoV|Saudi_Arabia|Dec-2014|Camel,-17.25
KT368827|MERS_CoV|Saudi_Arabia|Sep-2014|Camel,-17.25
KT368826|MERS_CoV|Saudi_Arabia|Jul-2014|Camel,-17.25
KT368825|MERS_CoV|Saudi_Arabia|Jul-2014|Camel,-17.29
KT368824|MERS_CoV|Saudi_Arabia|May-2014|Camel,-17.25
KT751244|MERS_CoV|United_Arab_Emirates|None|Camel,-17.25
KT121581|MERS_CoV|Saudi_Arabia|03-May-2014|Homo_sapiens,-17.25
KT121580|MERS_CoV|Saudi_Arabia|28-Apr-2014|Homo_sapiens,-17.25
KT121579|MERS_CoV|Saudi_Arabia|30-Apr-2014|Homo_sapiens,-18.27
KT121577|MERS_CoV|Saudi_Arabia|11-May-2014|Homo_sapiens,-17.25
KT121576|MERS_CoV|Saudi_Arabia|18-May-2014|Homo_sapiens,-17.25
KT121575|MERS_CoV|Saudi_Arabia|12-May-2014|Homo_sapiens,-17.25
KT121574|MERS_CoV|Saudi_Arabia|07-May-2014|Homo_sapiens,-17.25
KT121573|MERS_CoV|Saudi_Arabia|09-May-2014|Homo_sapiens,-17.25
KT121572|MERS_CoV|Saudi_Arabia|12-May-2014|Homo_sapiens,-17.25
KM027262|MERS_CoV|Saudi_Arabia|22-Apr-2014|Homo_sapiens,-17.25
KM027261|MERS_CoV|Saudi_Arabia|15-Apr-2014|Homo_sapiens,-16.25
KM027260|MERS_CoV|Saudi_Arabia|21-Apr-2014|Homo_sapiens,-16.25
KM027259|MERS_CoV|Saudi_Arabia|14-Apr-2014|Homo_sapiens,-16.25
KM027258|MERS_CoV|Saudi_Arabia|12-Apr-2014|Homo_sapiens,-16.25
KM027257|MERS_CoV|Saudi_Arabia|07-Apr-2014|Homo_sapiens,-16.25
KM027256|MERS_CoV|Saudi_Arabia|2014|Homo_sapiens,-16.25
KM027255|MERS_CoV|Saudi_Arabia|2014|Homo_sapiens,-16.25
KJ813439|MERS_CoV|USA|30-Apr-2014|Homo_sapiens,-17.25
KT029139|MERS_CoV|South_Korea|20-May-2015|Homo_sapiens,-16.25
KT006149|MERS_CoV|China|27-May-2015|Homo_sapiens,-17.25
KT156561|MERS_CoV|Oman|28-Dec-2013|Homo_sapiens,-17.25
KT156560|MERS_CoV|Oman|28-Oct-2013|Homo_sapiens,-17.25
KT036374|MERS_CoV|China|28-May-2015|Homo_sapiens,-17.25
KT036373|MERS_CoV|China|28-May-2015|Homo_sapiens,-17.25
KT036372|MERS_CoV|China|28-May-2015|Homo_sapiens,-17.25
KR011266|MERS_CoV|Saudi_Arabia|06-Jan-2015|Homo_sapiens,-17.25
KR011265|MERS_CoV|Saudi_Arabia|26-Jan-2015|Homo_sapiens,-17.25
KR011264|MERS_CoV|Saudi_Arabia|21-Jan-2015|Homo_sapiens,-17.25
KR011263|MERS_CoV|Saudi_Arabia|21-Jan-2015|Homo_sapiens,-17.25
KJ361503|MERS_CoV|France|07-May-2013|Homo_sapiens,-17.21
KP719933|MERS_CoV|United_Arab_Emirates|None|Camel,-17.25
KP719932|MERS_CoV|United_Arab_Emirates|Jun-2014|Camel,-17.25
KP719931|MERS_CoV|United_Arab_Emirates|Jun-2014|Camel,-17.25
KP719930|MERS_CoV|United_Arab_Emirates|Jun-2014|Camel,-17.25
KP719929|MERS_CoV|United_Arab_Emirates|Jun-2014|Camel,-16.25
KP719928|MERS_CoV|United_Arab_Emirates|Jun-2014|Camel,-16.25
KP719927|MERS_CoV|United_Arab_Emirates|Jun-2014|Camel,-17.25
KM210278|MERS_CoV|United_Kingdom|10-Feb-2013|Homo_sapiens,-17.25
KM210277|MERS_CoV|United_Kingdom|13-Feb-2013|Homo_sapiens,-17.25
KP223131|MERS_CoV|USA|Jun-2014|Homo_sapiens,-16.25
KJ650098|MERS_CoV|Qatar|16-Feb-2014|Camel,-17.21
KJ650297|MERS_CoV|Saudi_Arabia|30-Nov-2013|Camel,-17.25
KJ650296|MERS_CoV|Saudi_Arabia|30-Dec-2013|Camel,-17.25
KJ650295|MERS_CoV|Saudi_Arabia|30-Dec-2013|Camel,-17.25
KF600652|MERS_CoV|Saudi_Arabia|30-Oct-2012|Homo_sapiens,-17.25
KF600651|MERS_CoV|Saudi_Arabia|23-May-2013|Homo_sapiens,-17.21
KF600647|MERS_CoV|Saudi_Arabia|15-May-2013|Homo_sapiens,-17.21
KF600645|MERS_CoV|Saudi_Arabia|11-May-2013|Homo_sapiens,-17.21
KF600644|MERS_CoV|Saudi_Arabia|12-May-2013|Homo_sapiens,-17.21
KF600634|MERS_CoV|Saudi_Arabia|30-May-2013|Homo_sapiens,-17.21
KF600632|MERS_CoV|Saudi_Arabia|23-May-2013|Homo_sapiens,-17.21
KF600630|MERS_CoV|Saudi_Arabia|13-May-2013|Homo_sapiens,-17.25
KF600628|MERS_CoV|Saudi_Arabia|04-Jun-2013|Homo_sapiens,-16.25
KF600627|MERS_CoV|Saudi_Arabia|07-May-2013|Homo_sapiens,-17.21
KF600620|MERS_CoV|Saudi_Arabia|19-Jun-2012|Homo_sapiens,-16.25
KF600612|MERS_CoV|Saudi_Arabia|23-Oct-2012|Homo_sapiens,-16.25
KF192507|MERS_CoV|United_Arab_Emirates|2013|Homo_sapiens,-18.21
KF186565|MERS_CoV|Saudi_Arabia|22-Apr-2013|Homo_sapiens,-17.21
KF186567|MERS_CoV|Saudi_Arabia|09-May-2013|Homo_sapiens,-17.21
KF186566|MERS_CoV|Saudi_Arabia|21-Apr-2013|Homo_sapiens,-17.21
KF186564|MERS_CoV|Saudi_Arabia|01-May-2013|Homo_sapiens,-17.21
KM015348|MERS_CoV|United_Kingdom|10-Feb-2013|Homo_sapiens,-17.25
KJ614529|Human_betaCoV_2c_Jordan-N3/2012|None|None|None,-19.29
KF958702|MERS_CoV|Saudi_Arabia|05-Nov-2013|Homo_sapiens,-18.21
KF917527|MERS_CoV|Saudi_Arabia|08-Nov-2013|Camel,-18.21
KJ556336|MERS_CoV|Saudi_Arabia|06-Nov-2013|Homo_sapiens,-18.21
KJ477102|MERS_CoV|Egypt|2013|Camel,-14.27
KJ829365|MERS_CoV|USA|10-May-2014|Homo_sapiens,-16.25
KJ713299|MERS_CoV|Saudi_Arabia|Nov-2013|Camel,-17.25
KJ713298|MERS_CoV|Saudi_Arabia|Nov-2013|Camel,-18.25
KJ713297|MERS_CoV|Saudi_Arabia|Nov-2013|Camel,-18.25
KJ713296|MERS_CoV|Saudi_Arabia|Nov-2013|Camel,-17.25
KJ713295|MERS_CoV|Saudi_Arabia|Nov-2013|Camel,-17.25
KJ156942|MERS_CoV|Saudi_Arabia|17-Jul-2013|Homo_sapiens,-16.25
KJ156952|MERS_CoV|Saudi_Arabia|01-Mar-2013|Homo_sapiens,-18.21
KJ156949|MERS_CoV|Saudi_Arabia|12-Jun-2013|Homo_sapiens,-18.21
KJ156944|MERS_CoV|Saudi_Arabia|02-Jul-2013|Homo_sapiens,-18.21
KJ156934|MERS_CoV|Saudi_Arabia|15-Aug-2013|Homo_sapiens,-17.25
KJ156910|MERS_CoV|Saudi_Arabia|05-Aug-2013|Homo_sapiens,-16.25
KJ156881|MERS_CoV|Saudi_Arabia|12-Jun-2013|Homo_sapiens,-17.21
KJ156874|MERS_CoV|Saudi_Arabia|28-Aug-2013|Homo_sapiens,-16.25
KJ156869|MERS_CoV|Saudi_Arabia|17-Jul-2013|Homo_sapiens,-17.25
KJ156866|MERS_CoV|Saudi_Arabia|02-May-2013|Homo_sapiens,-17.21
KF961222|MERS_CoV|Qatar|17-Oct-2013|Homo_sapiens,-17.25
KF961221|MERS_CoV|Qatar|13-Oct-2013|Homo_sapiens,-17.25
KF745068|MERS_CoV|France|07-May-2013|Homo_sapiens,-17.22
KC164505|BetaCoV_England_1|United_Kingdom|11-Sep-2012|Homo_sapiens,-18.21
KC667074|Human_betaCoV_2c_England-Qatar/2012|United_Kingdom|19-Sep-2012|Homo_sapiens,-18.21
KC776174|Human_betaCoV_2c_Jordan-N3/2012|Jordan|Apr-2012|Homo_sapiens,-19.29
JX869059|Human_betaCoV_2c_EMC/2012|None|13-Jun-2012|Homo_sapiens,-18.25
